Name,Email,Age,Job,City
James Mooney,qmeyers@gmail.com,35,Garment/textile technologist,Port Stanleyburgh
Bradley Lee PhD,ashleyspence@gmail.com,23,Market researcher,Bishopbury
Matthew Gray,jonreynolds@gmail.com,54,Statistician,Garcialand
Angela Ward,spencerlisa@gmail.com,53,Cabin crew,Johnsonburgh
Michelle Scott,sanchezmatthew@gmail.com,19,Research scientist (maths),East Nicholeton
Donna Roach,taylor62@gmail.com,61,"Development worker, community",West Andrew
Antonio Marshall,wilsongary@gmail.com,37,Electronics engineer,New Edwardfort
Madison Kim,john31@gmail.com,45,Film/video editor,Nicoletown
Beth Gentry,martinlittle@gmail.com,64,"Engineer, drilling",West Taylor
Amanda Hardin,parkerandrew@gmail.com,58,Television camera operator,North Lori
Stephanie Hall,bondricky@gmail.com,58,Sales executive,North Scott
Walter Peters,jillhayes@gmail.com,32,Quality manager,Lake Jaimeport
Mitchell Horton,deborahjones@gmail.com,47,Health and safety adviser,North Jaime
Jerry Hobbs,woodsmegan@gmail.com,29,Proofreader,East Zacharystad
Roger Reyes,barbaraobrien@gmail.com,31,Fast food restaurant manager,East Lindseyborough
Matthew Bennett,mosesthomas@gmail.com,18,Astronomer,Morganville
Amanda Reeves,zcruz@gmail.com,50,"Research officer, political party",Patelhaven
Jessica Lyons,markwilliams@gmail.com,37,"Civil engineer, contracting",Ritaborough
Jacqueline Todd,qgray@gmail.com,43,Commercial horticulturist,Lake Bradside
Jeffrey Turner,jacobmiller@gmail.com,26,Camera operator,Yvonneshire
Evan Olson,lindahayden@gmail.com,48,Investment analyst,Port Danaview
Edward Turner,carpenterjohn@gmail.com,38,Multimedia programmer,New Laurenview
Earl Carpenter,weberstephanie@gmail.com,37,"Engineer, manufacturing systems",New Christopher
Cathy Kramer,millerernest@gmail.com,23,"Therapist, art",South Emily
Mary Bruce,irodriguez@gmail.com,64,Broadcast presenter,New Ethanmouth
Sharon White,carolynpearson@gmail.com,27,"Journalist, magazine",Lake Caitlinberg
Brian Perez,tmedina@gmail.com,54,Marketing executive,Salazarhaven
Rebekah Johnson,ryanhartman@gmail.com,60,Research scientist (maths),Parksland
Joseph Shaw,scott25@gmail.com,20,"Administrator, sports",West Ronald
Mrs. Heidi Sanchez DDS,davislindsey@gmail.com,32,Merchant navy officer,New Sandra
Elizabeth Mccormick,usalas@gmail.com,19,Water engineer,New Douglas
Nicole Flynn,kayla03@gmail.com,37,Chief Financial Officer,Rickyfurt
Jacqueline Thompson,rosematthew@gmail.com,47,Graphic designer,Lake Melissachester
Courtney Pratt,jackgreene@gmail.com,39,"Engineer, aeronautical",Anthonystad
Peter Smith,allendonald@gmail.com,27,Armed forces operational officer,Joanberg
Daniel Eaton,cynthiahines@gmail.com,47,Maintenance engineer,Theresaborough
Robert Walker,samanthayoung@gmail.com,43,Charity officer,East Teresaburgh
Megan Perez,romeromary@gmail.com,35,Community arts worker,Port Melissa
Carol Bond,gillespieerika@gmail.com,49,Clinical psychologist,Laurabury
Shannon Brewer,albert41@gmail.com,32,Waste management officer,Gilbertchester
Felicia Hudson,thomashart@gmail.com,37,Site engineer,Jasonshire
John Cortez,ernest76@gmail.com,55,Counsellor,North Anthonyview
Janet Howard,robersonerica@gmail.com,23,"Designer, ceramics/pottery",North Deborah
Kristen Escobar,derrickjohnson@gmail.com,28,Interior and spatial designer,East Ronniemouth
Seth Daniels,chamberstimothy@gmail.com,31,Newspaper journalist,North Marc
Paul Johnston,oscargibson@gmail.com,40,Ceramics designer,South Kellyborough
Sheri Berry,aberry@gmail.com,50,"Psychologist, educational",Millerton
John Miles,ricardo76@gmail.com,24,"Nurse, children's",East Zachary
Jeffery Nguyen,tammymalone@gmail.com,53,"Nurse, learning disability",Port Cathy
Michael House,ohall@gmail.com,65,Interior and spatial designer,Lake Sarastad
Rebecca Jones,taylorrios@gmail.com,59,Television production assistant,New Marystad
Kelly Flowers,gholmes@gmail.com,64,Copy,Port Sandrabury
John Wheeler,kwalker@gmail.com,29,Recruitment consultant,Harrisonborough
Miguel Diaz,adam43@gmail.com,42,Psychotherapist,East Jessica
Tyrone Griffin,xtownsend@gmail.com,59,Merchant navy officer,Andrewsstad
Christopher Myers,bbaker@gmail.com,44,Legal secretary,Romeromouth
Leonard Sullivan,melissareeves@gmail.com,46,Chartered legal executive (England and Wales),Robertatown
Richard Duncan,matthewfoster@gmail.com,59,"Surveyor, hydrographic",Murphychester
Kimberly Jackson,acooper@gmail.com,43,Legal secretary,Mossside
Cathy Grimes,floresandrew@gmail.com,59,Curator,West Deannahaven
Shawn Cole,derrickthomas@gmail.com,57,Mental health nurse,East Davidburgh
Angela Weiss,robinsontyler@gmail.com,36,Aeronautical engineer,Devinberg
Samantha Davis,xstafford@gmail.com,62,"Lecturer, higher education",Jaredbury
Ricardo Rose,benjaminking@gmail.com,38,"Chemist, analytical",Montgomeryside
Marissa Mccullough,reneeortega@gmail.com,54,Chief Technology Officer,Scottborough
Brian Wagner,sross@gmail.com,39,"Psychologist, occupational",Sweeneyberg
Leslie Lopez,patriciamiller@gmail.com,43,Computer games developer,Daniellefurt
Sean Key,vasquezdouglas@gmail.com,18,Commercial/residential surveyor,South Monicafort
Matthew Fox,mcdonaldjason@gmail.com,27,"Geneticist, molecular",Walkertown
Kimberly Cowan,obaker@gmail.com,21,Facilities manager,South Deanna
James Marshall,chad15@gmail.com,38,Software engineer,Port Amberport
Kaitlin Brennan,milleramy@gmail.com,34,"Scientist, forensic",Port Jonathan
Keith Smith,bharmon@gmail.com,49,"Pharmacist, community",Carsonbury
Mrs. Alisha Adams,karen57@gmail.com,56,Banker,Martinfurt
Joseph Manning,ryan45@gmail.com,47,Sub,New Charles
Kendra Lawson,gcervantes@gmail.com,53,Geographical information systems officer,New Kelliside
Lisa Rice,zfigueroa@gmail.com,44,Biomedical engineer,New Megan
Justin Hensley,patrickhunt@gmail.com,31,Stage manager,Bobville
Tammy White,randyanderson@gmail.com,46,"Designer, fashion/clothing",Cruzshire
Jason Collins,apetersen@gmail.com,58,"Pharmacist, hospital",Kellybury
Jennifer Williams,denise70@gmail.com,60,Museum/gallery conservator,Sawyerville
Robert Evans,jacksonjulia@gmail.com,39,Race relations officer,Port Mark
Ralph Jacobs,aaronrobbins@gmail.com,65,Landscape architect,Watsonchester
Robert Brown,jnichols@gmail.com,20,Structural engineer,Port Timothyport
John Jimenez,frank07@gmail.com,28,Midwife,Staceytown
Brian Kramer,khernandez@gmail.com,53,Retail manager,New Emilyborough
Natasha Harris,ifox@gmail.com,36,Advertising copywriter,Jessicaberg
Andrew Page,stevenpitts@gmail.com,18,Chartered legal executive (England and Wales),Port Steven
Charles Olson,medinacourtney@gmail.com,37,"Therapist, sports",East Charles
Patricia Arnold,enicholson@gmail.com,51,Chartered accountant,South Steven
Kim Beck,wrightchristopher@gmail.com,48,Youth worker,Mauricemouth
Christopher Lindsey,xmullen@gmail.com,62,Corporate investment banker,Jessicaside
Victoria Stephenson,williamfrank@gmail.com,25,Trade mark attorney,North Ashley
Tara Russell,rebecca63@gmail.com,64,Theme park manager,North Taylor
Jorge Valdez,garciakevin@gmail.com,53,Aeronautical engineer,Wardberg
Alejandra Summers,mhoffman@gmail.com,57,"Conservator, museum/gallery",South Catherine
Melissa Griffith,hpoole@gmail.com,48,Field trials officer,Andersonland
Amanda York,ronald25@gmail.com,40,Sports administrator,Baileymouth
Max Martin,tracy53@gmail.com,18,Trade mark attorney,Alexanderton
Kelly Stein,kathy83@gmail.com,54,Art gallery manager,New Erica
Bonnie Smith,nlawson@gmail.com,32,Tax inspector,Michaelland
Angel Mcgrath,shepherddean@gmail.com,42,Community pharmacist,West Gary
Christina Bonilla,david99@gmail.com,62,"Designer, blown glass/stained glass",South Carlosview
Erica Lang,williamsmith@gmail.com,61,Consulting civil engineer,South Adrian
Jay Garcia,katherinesoto@gmail.com,42,Horticultural therapist,Anthonyborough
Mrs. Yvonne Houston PhD,tware@gmail.com,31,Charity fundraiser,West Brian
Linda Wilson,bairdanne@gmail.com,43,"Copywriter, advertising",West Joy
Felicia Jones,baileygabrielle@gmail.com,32,Textile designer,West Margaretland
Javier Reed,dsimpson@gmail.com,58,Operational investment banker,Stephaniestad
Mary Fernandez,joshua39@gmail.com,46,Commercial art gallery manager,Danielfort
Christopher Garza,dana49@gmail.com,56,"Conservator, furniture",Kellyport
Jaime Williams,shannon95@gmail.com,50,Homeopath,Montgomeryside
Amanda Johnson,winterskimberly@gmail.com,48,Education administrator,Hopkinsview
Jamie Wilson,daledavis@gmail.com,21,Facilities manager,Robertton
Corey Edwards,davidgarcia@gmail.com,42,Counselling psychologist,Chapmanchester
Charles Mcconnell,john38@gmail.com,48,Primary school teacher,Port Phillip
Brandon Contreras,catherine56@gmail.com,44,"Therapist, nutritional",New Tonihaven
Bethany Stone,grahambrian@gmail.com,33,IT consultant,Manuelberg
Edwin Barker,xcunningham@gmail.com,28,"Conservator, museum/gallery",North Jonathanberg
Andrew Davis,henryhansen@gmail.com,52,Transport planner,Coopermouth
Brandon Cameron,hawkinsalice@gmail.com,37,Paramedic,Lake Christine
Suzanne Lynch,andreabest@gmail.com,38,Statistician,Port Debra
Michael Kim,lisawilkinson@gmail.com,62,"Engineer, site",East Amanda
Carly Lawson,zguerrero@gmail.com,45,"Librarian, public",Hicksport
Eric Evans,annallison@gmail.com,44,Cytogeneticist,Lake Timothytown
Adriana Frank,reevesmatthew@gmail.com,53,Ranger/warden,Stephenhaven
William Dorsey,aaron86@gmail.com,64,Landscape architect,West Kathleenside
Caroline Smith,thomasmichael@gmail.com,64,Garment/textile technologist,Jenkinsmouth
Felicia Martinez PhD,kristinabrooks@gmail.com,20,"Designer, blown glass/stained glass",East Davidville
Brooke Johnson,zcase@gmail.com,50,Patent attorney,Port Kennethville
David Bates,richardkerr@gmail.com,30,Careers information officer,Hendricksview
Frank Ochoa,doylegregory@gmail.com,61,Radio broadcast assistant,Kristinville
Tyler Smith,patricia44@gmail.com,54,Writer,Derekton
Dr. Sarah Martinez MD,brianherrera@gmail.com,53,Commercial/residential surveyor,New Shaun
John Lloyd,olopez@gmail.com,52,"Engineer, aeronautical",Lake Jillianmouth
Brian Fisher,carol22@gmail.com,39,Make,Lake Katherine
Glenn Johnson,jeanettegibson@gmail.com,31,Ceramics designer,Martinezborough
Jeffrey Sanchez,reginajackson@gmail.com,44,"Designer, textile",West Janicefurt
James Nelson,benjamindean@gmail.com,57,"Therapist, art",Johnsonton
Jeffrey Davis,qturner@gmail.com,58,Warehouse manager,Matthewbury
Dawn Hampton,longdaniel@gmail.com,64,Midwife,Brandonfurt
Kimberly Martinez,jeffery39@gmail.com,32,"Education officer, environmental",Moralesstad
Danielle Warren,joseph81@gmail.com,40,Geophysicist/field seismologist,Jennifershire
Nicholas Wolfe,phillipsroy@gmail.com,32,Art gallery manager,Salazarhaven
Brian Reynolds,nicole10@gmail.com,34,"Lecturer, further education",Shawport
Rebecca Nunez,colemanlance@gmail.com,48,"Engineer, mining",Gomezville
Joyce Harris,reedalan@gmail.com,37,Naval architect,Willisville
Nicholas Miles,jhart@gmail.com,27,"Administrator, sports",Nicolashaven
Jasmine Faulkner,ihayes@gmail.com,35,"Psychologist, sport and exercise",Lindseyland
Christopher Scott,nrandolph@gmail.com,40,"Psychologist, prison and probation services",Emilyton
Jennifer Peck,qrichardson@gmail.com,43,Make,New Alan
Jacob Stewart,kkhan@gmail.com,27,Site engineer,North Michelle
Beth Garcia,chelseazavala@gmail.com,20,Data processing manager,West Davidstad
Grace Gomez,antoniocase@gmail.com,37,"Investment banker, corporate",Lorimouth
Brianna Marquez,pgamble@gmail.com,33,"Programmer, systems",Jackstad
Mary Stanton,xfloyd@gmail.com,31,Geographical information systems officer,Scottchester
Pam Pearson,qbaker@gmail.com,45,"Engineer, civil (consulting)",Nelsonbury
Courtney Kelly,perezmary@gmail.com,35,Higher education careers adviser,West Ericabury
Maria Bowen,afischer@gmail.com,36,Social researcher,Port Sean
Heather Miller DDS,qcampbell@gmail.com,34,Cytogeneticist,North Melissafurt
Theresa Mercer,wsmith@gmail.com,49,Medical laboratory scientific officer,Port Christopherstad
Donald Hunter,usimpson@gmail.com,35,"Engineer, manufacturing",Brownmouth
Jason Jones,dustin37@gmail.com,27,Clinical molecular geneticist,Port Johnny
Loretta Wiggins,zsutton@gmail.com,32,"Psychologist, educational",East Johnstad
Justin Snyder,james07@gmail.com,28,Sports coach,Princeburgh
Sean Skinner,austinrachel@gmail.com,31,Dancer,New Tina
Lawrence Ward,kelly89@gmail.com,21,Mental health nurse,North Kenneth
Gabriella Griffith,lisathornton@gmail.com,37,Commercial horticulturist,Jennifermouth
Julie Griffin,hannahsmith@gmail.com,51,"Editor, film/video",Randychester
Megan Morris,rcarson@gmail.com,50,"Civil engineer, consulting",East Rodneyville
Kathleen Hood,ncherry@gmail.com,38,Airline pilot,Jilliantown
Brian Dalton,dan04@gmail.com,29,Pharmacologist,Beasleyville
Kimberly Bell,carriepatterson@gmail.com,28,Paediatric nurse,South David
Patrick Leonard,annemyers@gmail.com,48,Pharmacologist,North Zachary
Gary Todd,kbrown@gmail.com,20,Curator,Wardfort
Rachel Chaney,lauren21@gmail.com,20,Estate manager/land agent,Port Nathanielburgh
Alyssa Kelly,pjackson@gmail.com,39,Communications engineer,Williamfort
Joshua Villanueva,morgansarah@gmail.com,54,Equality and diversity officer,Shawnachester
Michael Jones,scott36@gmail.com,52,"Engineer, maintenance",Port Tommy
Justin Smith,hobbsdonna@gmail.com,63,Brewing technologist,West Benjamin
Nicole Johnston,martinjames@gmail.com,41,Chief Operating Officer,West Lisa
Anna Butler,samuelmaldonado@gmail.com,42,Publishing copy,Anthonyport
Jennifer Williams,frobinson@gmail.com,62,Agricultural consultant,North Robertburgh
Tamara Hill,marissaroberts@gmail.com,30,"Lecturer, further education",North Daisyville
Marcus Christensen,bgarner@gmail.com,38,"Therapist, nutritional",North Heathermouth
Nicole Young,christopher39@gmail.com,40,"Radiographer, diagnostic",Jasonmouth
Daniel Clark,zwright@gmail.com,18,Forensic psychologist,Jamesshire
Joshua Preston,melindachavez@gmail.com,54,Print production planner,Stevenside
Shawn Henry,katelyn14@gmail.com,27,Occupational hygienist,Marshallland
Carrie Phillips,hglenn@gmail.com,59,Local government officer,Coopermouth
Sarah Nelson,ramossuzanne@gmail.com,58,Actor,Kristinaborough
Jamie Meyer,justin59@gmail.com,19,"Research officer, trade union",Port Kirkstad
Brianna Hernandez,suarezveronica@gmail.com,38,Outdoor activities/education manager,Robertville
Abigail Martinez,boydtammy@gmail.com,22,Radiation protection practitioner,Williamsshire
Kathy Banks,manuelcarrillo@gmail.com,43,"Designer, furniture",East Brandon
Chelsea Jackson,seandavis@gmail.com,44,Web designer,Robinton
William Robbins,arthur17@gmail.com,49,Agricultural consultant,Lake Meganview
Nicholas Nelson,ortizkrystal@gmail.com,28,Materials engineer,Port Glenda
Kristy Anderson,sanchezjohn@gmail.com,19,Equities trader,South Devin
Brad Peters,rodneymcdonald@gmail.com,46,Sports development officer,Sototon
Kelli Mitchell,zsmith@gmail.com,24,Historic buildings inspector/conservation officer,Lloydview
Jessica Harris,ybishop@gmail.com,49,Logistics and distribution manager,North Gregoryside
Tracy Villa,josesmith@gmail.com,62,Warden/ranger,South Johnton
Francisco Lewis,sanchezdonna@gmail.com,43,Mechanical engineer,Jacquelineview
Anna Scott,oscar60@gmail.com,56,Midwife,Nathanview
Kenneth Sanchez,goldenjason@gmail.com,52,Exercise physiologist,Anitamouth
Jessica Gonzales,rojasjulia@gmail.com,50,Homeopath,New Garrett
Jason Banks,pharris@gmail.com,21,Social worker,Jeffbury
Jerome Osborn,zjones@gmail.com,45,Brewing technologist,Wrightborough
Jessica Goodman,kedwards@gmail.com,33,Financial risk analyst,Ericside
Colleen Williams,bfuentes@gmail.com,26,"Engineer, manufacturing",Lindseyfort
David George,bryanmeza@gmail.com,36,"Embryologist, clinical",Port Meghanbury
Sydney Lopez,allenamy@gmail.com,23,Minerals surveyor,Port Wesleyfurt
Julia Johnston,kdavidson@gmail.com,60,Retail buyer,East Paigeshire
Lisa Thompson DDS,knoxsean@gmail.com,38,Medical illustrator,Greenfurt
Stacy Powell,williamslori@gmail.com,44,Nature conservation officer,Aaronburgh
Nathan Lara,sharon25@gmail.com,26,Farm manager,Christinechester
Erin Edwards,oramirez@gmail.com,35,Accommodation manager,Lake Michelle
Alexis Gonzalez DDS,herreraamy@gmail.com,50,Equities trader,Dylanside
Brenda Gomez,patriciafrye@gmail.com,35,"Secretary, company",Evansport
Lauren Zavala,frazierkatherine@gmail.com,24,Science writer,Sanchezside
Tiffany Fisher,shawnabrowning@gmail.com,61,"Accountant, chartered",Port Stephen
James Williams,anthony60@gmail.com,49,Building control surveyor,West Kimberly
Kathryn Perez,yhartman@gmail.com,51,Museum education officer,West Sharichester
Carlos Bishop,danielrice@gmail.com,49,Oncologist,East Anthonymouth
Elizabeth Moreno,morriscarrie@gmail.com,64,Theatre stage manager,Bakerport
Veronica Santos,petersonstephanie@gmail.com,30,Ranger/warden,Gregoryborough
Micheal Andrade,tdavis@gmail.com,44,Corporate investment banker,New Joshua
Todd Herrera,michael71@gmail.com,53,"Loss adjuster, chartered",East Douglas
Cole Wilson,rmills@gmail.com,55,Jewellery designer,West Jerome
Sharon Whitney,greenmary@gmail.com,38,"Scientist, research (maths)",South Matthewbury
Aaron Wright,vmcintyre@gmail.com,65,Clinical embryologist,Josephville
James Armstrong,amyjames@gmail.com,63,Adult guidance worker,Josephborough
Theresa Rivera,mreese@gmail.com,51,Manufacturing engineer,New Sheilafort
Michelle Cole,taylornathan@gmail.com,40,Market researcher,New Rick
Jay Allen,langnathaniel@gmail.com,58,Office manager,Smithport
Kevin Cole,ypotter@gmail.com,21,Hotel manager,West Patrickburgh
Megan Lee,ihardin@gmail.com,19,Acupuncturist,East Craigport
Samantha Hernandez,garciajeffrey@gmail.com,22,Metallurgist,South Ashley
Donald Stewart,gravesdenise@gmail.com,51,Horticultural therapist,Shawnville
Nicholas Sullivan,jonesnathan@gmail.com,48,Teaching laboratory technician,Debraland
Maria Campbell,wflores@gmail.com,29,Dispensing optician,Freemanchester
Stacy Scott,ballmary@gmail.com,51,Lawyer,Halestad
Rodney Blake,benjamin06@gmail.com,59,Health physicist,Davismouth
Carmen Gonzalez,dwayne49@gmail.com,51,Environmental consultant,Port Dawnshire
Darrell Gentry,daniel43@gmail.com,49,Applications developer,Lewisburgh
Christine Haley,gregoryrhodes@gmail.com,38,Oncologist,Rickymouth
Brenda Garcia,stevensandoval@gmail.com,59,Ergonomist,South Prestontown
Travis Watson,allenelizabeth@gmail.com,21,"Engineer, building services",West Stephanie
Amanda Flores,elizabeththomas@gmail.com,50,Call centre manager,East Crystalville
Betty Davis,autumnschmitt@gmail.com,61,Retail banker,Olsonburgh
Russell Wood DVM,steven99@gmail.com,49,Chiropodist,Steinmouth
Lauren Smith,hcunningham@gmail.com,36,Theme park manager,North Benjamin
Robert Martin,luis56@gmail.com,27,"Merchandiser, retail",Margaretmouth
Patrick Wong,larry24@gmail.com,62,Occupational therapist,Port Dana
Zachary Rowland,steven61@gmail.com,36,IT trainer,Robertville
Derrick Page,sethmann@gmail.com,42,Contractor,Caitlinland
Ashley Griffith,ryanmay@gmail.com,45,Midwife,South Laurentown
Tammy Murphy,maria60@gmail.com,22,"Designer, television/film set",Jameston
Joshua Burgess,madeline07@gmail.com,56,Housing manager/officer,Matthewton
Jennifer Foster,kingpeter@gmail.com,58,Interpreter,Ronaldville
Noah Lambert,patricialane@gmail.com,62,"Engineer, aeronautical",Lake Johnnyfort
David Miller,wwashington@gmail.com,37,"Secretary, company",Timothymouth
Thomas Davis,christopher03@gmail.com,53,Personal assistant,Gainestown
Brian Collier,richardschristopher@gmail.com,40,Chartered legal executive (England and Wales),South Jessicatown
Anthony Smith,kristinrichardson@gmail.com,43,Materials engineer,West Davidbury
Nicole Smith,zcopeland@gmail.com,54,Clinical cytogeneticist,Ryanborough
Raymond Thomas,whiterebecca@gmail.com,30,Science writer,Youngburgh
Adam Spears,ronald75@gmail.com,25,Health physicist,West Sylvia
Timothy Gardner,andre76@gmail.com,38,Environmental consultant,Derekchester
Ashley Chan,ostanley@gmail.com,36,"Scientist, research (physical sciences)",Ianshire
Randy Brown,wsanders@gmail.com,43,"Designer, interior/spatial",Elizabethport
Linda Garcia,lisajordan@gmail.com,56,Computer games developer,West Justinland
Lisa Simon,ahart@gmail.com,55,Make,Ashleytown
David Estrada,brittany90@gmail.com,65,Animator,Port Johnathan
Denise Torres,kchen@gmail.com,59,Printmaker,Port Nicoleville
Elizabeth Moore,ujoseph@gmail.com,36,Architect,Colliertown
Gina Meyers,laura49@gmail.com,29,Advertising account executive,South Joel
Evelyn Wade,marybarnes@gmail.com,22,Research scientist (medical),West Tamara
Jennifer Hull,kellieparsons@gmail.com,24,Electrical engineer,Evanhaven
Christopher Ramos,maldonadoeric@gmail.com,44,Sports administrator,North Phillip
Joshua Sampson,aprilcampbell@gmail.com,48,Environmental education officer,East Brandon
Felicia Mitchell,bmiller@gmail.com,35,Statistician,Francesside
Ashley Schwartz,swilliams@gmail.com,37,Occupational therapist,Jenniferborough
Spencer Thompson,rodriguezmatthew@gmail.com,37,Sport and exercise psychologist,Dunnport
Sarah Hoffman,ruizdaniel@gmail.com,23,Licensed conveyancer,Lake David
Nicole Herrera,martinezalexis@gmail.com,51,"Engineer, mining",Loganview
Julia Bradford,palmerjoshua@gmail.com,30,Astronomer,Guzmanfurt
Jennifer Sullivan,chandleralan@gmail.com,57,Tour manager,New Amymouth
Victor Levine,nelsonmelissa@gmail.com,56,Social researcher,Johnsonville
Aaron Anderson,jonesrichard@gmail.com,30,Therapeutic radiographer,South Kelseyberg
Adrienne Butler,xwalker@gmail.com,35,Social researcher,West Josefurt
Tommy Williams,josecampbell@gmail.com,65,Psychiatric nurse,South Kellybury
Christopher Schmidt,richardgraves@gmail.com,18,"Investment banker, corporate",Taylorbury
Derek Ross,victorevans@gmail.com,32,Careers information officer,Port Adam
Nicholas Thomas,lpetersen@gmail.com,50,Fish farm manager,Crystalview
Julie Medina,ashleybishop@gmail.com,39,Meteorologist,Haileyburgh
Miguel Wyatt,wgraham@gmail.com,62,"Sales professional, IT",Roseton
Kimberly Leonard DDS,brian22@gmail.com,25,Professor Emeritus,Roberthaven
Cassie Santos,tanner33@gmail.com,39,"Investment banker, operational",West Dana
James Shaw,michellehernandez@gmail.com,37,Advertising art director,Michaelborough
Christine Nelson,tammy82@gmail.com,41,Naval architect,Lake Eriktown
Andrew Cardenas,crystallewis@gmail.com,35,Geoscientist,East Rebekah
John French,jon37@gmail.com,34,Insurance broker,Gardnerhaven
Billy Patterson,iangreen@gmail.com,37,Research scientist (maths),New Vanessamouth
Mark Allen,scotthall@gmail.com,18,Environmental health practitioner,Port Thomas
Vincent Ali,jonesjessica@gmail.com,19,Academic librarian,Port Adamport
Robert Johnson,andreawalker@gmail.com,44,"Editor, commissioning",North Williamborough
Marcus Hayes,millergregory@gmail.com,51,Acupuncturist,Kennethmouth
April Burns,monique00@gmail.com,62,Fast food restaurant manager,North Laurenfort
Briana Stone,cynthia83@gmail.com,34,Operational researcher,South Larryberg
Vicki Lee,gnunez@gmail.com,54,Statistician,New Jason
Linda Webster,iwilliams@gmail.com,36,Claims inspector/assessor,Davisville
Steven Johnson,kcox@gmail.com,42,Environmental manager,West Ashleyland
Paul Washington,nancyhoward@gmail.com,39,Advertising account planner,Tammymouth
Caroline Adams,ldavis@gmail.com,64,"Engineer, land",Jameshaven
Melissa Sanders,pwillis@gmail.com,47,"Engineer, water",Brownmouth
Stephanie Jones,aliciadavidson@gmail.com,59,Site engineer,New Bradley
Cynthia Rice,ashley60@gmail.com,25,"Lecturer, higher education",New Paula
Christina Blake,zwalker@gmail.com,33,Architectural technologist,Jonestown
Stanley Li,michaelcarter@gmail.com,31,Field seismologist,Jenniferhaven
Tony Williams,seanjohnson@gmail.com,49,Television camera operator,New Codyton
David Wong,rpowell@gmail.com,42,Consulting civil engineer,Port Joannaview
Erin Levy,james06@gmail.com,28,"Surveyor, land/geomatics",East Jenniferhaven
Bradley Rojas PhD,eoconnell@gmail.com,44,Medical technical officer,Port Garymouth
Cristian Lewis,laura02@gmail.com,57,Exercise physiologist,Doyletown
Candice Jones,wdixon@gmail.com,45,Insurance broker,Robinsonshire
Jessica Cruz,michael47@gmail.com,49,"Producer, television/film/video",North Craig
Chelsea Sharp,francisperez@gmail.com,26,Geophysical data processor,Lake Michaelton
Louis Young,newtonwayne@gmail.com,28,Senior tax professional/tax inspector,North Kevinborough
Samuel Davis,adkinsjennifer@gmail.com,46,Broadcast journalist,Port Ian
Sharon Caldwell,myerschristopher@gmail.com,45,Advertising account planner,Singhburgh
Luis Goodman,fletcherstacy@gmail.com,18,Animal nutritionist,Copelandfort
Faith Warner,rachel37@gmail.com,28,"Education officer, museum",Jessicaland
Paul Higgins,estradabecky@gmail.com,21,Early years teacher,Joshuaport
Phillip Bell,wbooth@gmail.com,33,Theatre director,Garciabury
Christopher Parker,millerronald@gmail.com,37,Equality and diversity officer,Jeffreyport
Patrick Golden,uquinn@gmail.com,38,Early years teacher,New Matthew
Antonio Skinner,sarabenson@gmail.com,58,"Designer, television/film set",Emilyburgh
Mary Ramirez,christyknight@gmail.com,56,Event organiser,New Kevinside
Patrick Rojas,brewerbenjamin@gmail.com,61,Magazine features editor,Mooreburgh
Christina Kane,flowe@gmail.com,22,"Research officer, government",Sarahmouth
Joshua Woods,choffman@gmail.com,20,Paramedic,Mitchellchester
William Clark,heatherobrien@gmail.com,21,Quarry manager,South Shannon
Rachel Mitchell,tamara59@gmail.com,29,TEFL teacher,Port Lisamouth
Joseph Lee,hprice@gmail.com,65,Location manager,Port Adammouth
Erin Martinez,michaelsutton@gmail.com,64,Set designer,Leeberg
Frank York,lori45@gmail.com,41,Architect,Lake Matthew
Amanda Owens,bfowler@gmail.com,29,Brewing technologist,South Robertbury
Desiree James,tdrake@gmail.com,51,Engineering geologist,South Jose
April Wallace,jessicagarcia@gmail.com,54,"Research officer, political party",Carolshire
Christopher Holmes,derrickjimenez@gmail.com,34,Airline pilot,East Aaronshire
Ashley Barker,adamlittle@gmail.com,28,"Buyer, industrial",Mikeview
Karen Johnson,cindy73@gmail.com,21,Clinical cytogeneticist,Reillystad
Melissa Vargas,tamiayala@gmail.com,32,Stage manager,North Lori
Roger Walters,crossjohn@gmail.com,21,"Scientist, research (life sciences)",Port Katherineview
Hailey Mccullough,robert38@gmail.com,19,Paediatric nurse,Port Adamville
Janice Raymond,calvinbell@gmail.com,36,Physiological scientist,Antonioborough
Chad Smith,cuevasmichelle@gmail.com,29,"Secretary, company",Murrayshire
Dr. Emily Johnson,benderpatrick@gmail.com,35,Sales promotion account executive,Hallside
Charles Powell,ekramer@gmail.com,38,Chartered management accountant,Lopezstad
Raymond Brown,ivazquez@gmail.com,34,Homeopath,Contrerasside
Catherine Perkins,emily88@gmail.com,52,Chief of Staff,Murphyland
Joel Perez,michaelneal@gmail.com,39,Community pharmacist,South Jared
Tiffany Spencer,kelly91@gmail.com,33,"Restaurant manager, fast food",Simsmouth
Christine Phillips,watkinsjoshua@gmail.com,28,Customer service manager,East Lori
Caitlin Whitehead,stapia@gmail.com,40,Production manager,Coxside
Michelle Ford,ntucker@gmail.com,40,Industrial/product designer,Monicaburgh
Michael Acosta,juanmyers@gmail.com,42,Art gallery manager,Saundersview
Adam Kim,rodneyscott@gmail.com,65,Manufacturing engineer,Adamsmouth
Jane Green,sgonzalez@gmail.com,65,Counselling psychologist,Ramosbury
Cory Charles,douglasmurphy@gmail.com,22,Customer service manager,Lake Craig
Ashley Jackson,qthomas@gmail.com,53,Chief Financial Officer,Christopherstad
Reginald Hernandez,anthonyrichardson@gmail.com,60,Leisure centre manager,Danielhaven
Michaela Jones,lopezryan@gmail.com,28,Fast food restaurant manager,Jonathanview
Lynn Watson,ycross@gmail.com,51,"Psychologist, counselling",Torresstad
Betty Ramirez,mccalltimothy@gmail.com,30,"Scientist, water quality",West Amanda
Mrs. Rose Rush,osalazar@gmail.com,18,"Designer, blown glass/stained glass",New Zachary
Crystal Lyons,williamsmichael@gmail.com,62,Nutritional therapist,Shannonmouth
Christine Mcguire,kevinsanders@gmail.com,61,Gaffer,Nicholasview
John Holmes,lorifoster@gmail.com,31,Food technologist,Moralesborough
Eric Christensen,hartsuzanne@gmail.com,51,Accommodation manager,Hughesshire
Brent Lopez,wallaceamy@gmail.com,23,Media buyer,Kaylaport
Michael Farrell,ucooke@gmail.com,34,Newspaper journalist,Wagnerbury
Rodney Silva,blakecynthia@gmail.com,53,Insurance broker,South William
Erik Hutchinson,jamesfrazier@gmail.com,64,Sports coach,Larryland
Carol Mcbride,nsuarez@gmail.com,64,Public relations account executive,Monicahaven
Michael Powers,ashleyfletcher@gmail.com,58,"Merchandiser, retail",Lake Kelly
Joseph Harris,adamwest@gmail.com,45,Planning and development surveyor,South Steven
Ronald Rodriguez,collinsregina@gmail.com,51,"Engineer, petroleum",Robertmouth
Donna Russell,xdixon@gmail.com,49,Tax inspector,Lake Kimberly
Stephanie Short,angelahouse@gmail.com,27,Computer games developer,Freyville
James Williams,joelgallagher@gmail.com,23,Media planner,Taylorfort
John Koch,glennlopez@gmail.com,21,"Designer, industrial/product",Kanefort
Jonathan Mclaughlin,linda49@gmail.com,50,Chief Executive Officer,New Charles
Melanie Garrett,bradleynancy@gmail.com,50,"Buyer, industrial",Pricemouth
Christopher Mullins,stevenbrown@gmail.com,53,Systems analyst,Schneiderbury
Robert Lopez,portergregory@gmail.com,45,Private music teacher,Zacharyhaven
Krista Bailey,bakeradam@gmail.com,53,Set designer,South Billyberg
Traci Barnes,tracy41@gmail.com,53,Probation officer,East Dawnhaven
Stephanie Walsh,rogerscatherine@gmail.com,20,Writer,Lake Kevin
Peggy Ellis DDS,vrodriguez@gmail.com,22,Financial risk analyst,Samanthamouth
Edward Rodriguez,angela55@gmail.com,35,"Programmer, multimedia",Hillberg
Christopher Delgado,xcastro@gmail.com,62,Magazine features editor,West Kevinland
Felicia Velazquez,melissathomas@gmail.com,32,Editorial assistant,South Dawnberg
Kelly Parker,owolfe@gmail.com,44,Glass blower/designer,East Charles
Christopher Peterson DDS,ztaylor@gmail.com,54,Psychotherapist,Laurieborough
Ms. Jessica Kelley,leonard94@gmail.com,27,Commercial/residential surveyor,Vanessatown
Michael Simmons,pwoods@gmail.com,51,Multimedia specialist,Kaiserport
Amy Russo,jennifer49@gmail.com,32,Systems analyst,Fullerfort
Sarah Palmer,adamskristin@gmail.com,50,"Nurse, mental health",Laurenview
Russell Hall,smallmaria@gmail.com,37,Animator,Whiteton
Valerie Diaz,afreeman@gmail.com,57,Pension scheme manager,West Albertchester
Christopher Williams,garciadalton@gmail.com,22,Armed forces logistics/support/administrative officer,Robertbury
Rebecca Jenkins,gchen@gmail.com,38,Theme park manager,Williamfort
Christina Fitzgerald,brendanthomas@gmail.com,59,"Psychologist, counselling",Denisemouth
Katherine Butler,medwards@gmail.com,50,Magazine journalist,Mcdanielshire
Christian Escobar,pagebrittany@gmail.com,23,"Designer, blown glass/stained glass",Johnland
Valerie Wilson,johnsonrebecca@gmail.com,58,Chiropodist,Weberhaven
Vincent Morris,charlesallen@gmail.com,34,Horticultural therapist,East Drewfort
Deborah Proctor,christine25@gmail.com,29,"Designer, exhibition/display",Port Amyville
Troy Hughes,jimenezanthony@gmail.com,35,Geoscientist,New Lindaberg
Dwayne Lee,savannahbenson@gmail.com,31,Curator,Lake Jenniferton
Heather Roberts,joseph93@gmail.com,34,Musician,North April
Roger Fuller,mariewelch@gmail.com,25,Ecologist,Leehaven
Kimberly White,stephen59@gmail.com,19,Hotel manager,Clarkeview
Jared Washington,jessica39@gmail.com,35,Forensic psychologist,Hillstad
Ashley Patterson,christine13@gmail.com,34,Holiday representative,Baileyhaven
Grant Johnson,udougherty@gmail.com,41,Psychotherapist,West Codyton
Curtis Kelly,deborahsoto@gmail.com,58,"Scientist, marine",Josephfort
Nancy Martin,carlos23@gmail.com,37,Exercise physiologist,North Sydneyport
Curtis Colon,zwilliams@gmail.com,18,Licensed conveyancer,Lake Robertview
Cameron Higgins,victoriagrant@gmail.com,19,Make,South Hayleyburgh
Amy Bright,robert04@gmail.com,42,Mudlogger,Port Karen
Courtney Taylor,hamiltonmadison@gmail.com,18,Barrister's clerk,Jeremyton
John Collins,alexandra00@gmail.com,41,Furniture designer,Monicachester
Michelle Spencer,hwood@gmail.com,28,Solicitor,South Kathyfort
Tiffany Hooper,cnguyen@gmail.com,62,Secretary/administrator,North Timothy
Cynthia Stewart,riveradwayne@gmail.com,23,Charity fundraiser,Jameston
Charles Hernandez,susan64@gmail.com,64,Illustrator,Lake Matthewburgh
Jeremy Ponce,michaelanderson@gmail.com,57,Conference centre manager,Gibsonmouth
Thomas Chavez,cweber@gmail.com,35,"Loss adjuster, chartered",Port Glendachester
Michael Gilbert,clarkariel@gmail.com,23,Heritage manager,Port Jesseshire
Jonathon Powell,julia06@gmail.com,62,"Nurse, learning disability",Smithberg
Susan Fleming,lewistina@gmail.com,25,"Engineer, manufacturing systems",Rebeccaburgh
Cynthia Bush,tammy18@gmail.com,28,"Teacher, early years/pre",Stewartville
Claudia Craig,djones@gmail.com,46,"Investment banker, operational",Limouth
Wendy Morgan,youngamy@gmail.com,22,Training and development officer,New Robertchester
Zachary Johnson,lamblori@gmail.com,34,Acupuncturist,Huntershire
Joshua Cooper,ritahoffman@gmail.com,29,Occupational hygienist,East Hollyfurt
Michelle Lynch,joshuastephenson@gmail.com,29,Health and safety inspector,New Katherinehaven
Don Mckee,sacosta@gmail.com,51,Acupuncturist,Diaztown
Benjamin Deleon,frank16@gmail.com,58,"Doctor, general practice",Port Joseph
Nicole Case,julian44@gmail.com,19,Trading standards officer,Kevinmouth
Donna Reynolds,kimandrea@gmail.com,30,Paediatric nurse,Martinezfurt
Jean Lindsey,aleclopez@gmail.com,56,Midwife,Ryanville
Brandon Hart MD,cristiannavarro@gmail.com,50,Mudlogger,Billyburgh
Jennifer Holloway,garrisondoris@gmail.com,43,Medical secretary,Dennistown
Nicholas Ball,bsmith@gmail.com,18,"Scientist, forensic",Joelfurt
Michelle Sutton,russellacevedo@gmail.com,28,"Conservator, museum/gallery",Lake Ryanberg
Cheryl Anthony,qlee@gmail.com,48,Geochemist,Sheenastad
Susan Jennings,richardwebb@gmail.com,53,Site engineer,North Samanthafurt
Antonio Walker,jonathan06@gmail.com,54,Licensed conveyancer,Jameschester
Christopher Shelton,melissa57@gmail.com,22,Product designer,West Mariaborough
Shannon Grant,dixonrobert@gmail.com,56,Broadcast journalist,Hatfieldborough
Betty Blackwell,jacksoneric@gmail.com,47,Production engineer,Olsenton
Gwendolyn Murphy,trowe@gmail.com,21,Public relations account executive,Paulshire
Carla Wells,dodsondorothy@gmail.com,62,Farm manager,Sampsonland
Jacqueline Barry,kayla07@gmail.com,51,Actuary,Lake Timothymouth
Noah Ramirez,davidlewis@gmail.com,45,Animal nutritionist,West Samanthafurt
Travis Anderson,colleenkelley@gmail.com,40,Chemical engineer,South William
Cynthia Hamilton,laura05@gmail.com,20,"Biochemist, clinical",Danielland
Tiffany Oliver,laurarivas@gmail.com,50,Insurance underwriter,Andreaside
Lindsay Reyes,garyjoyce@gmail.com,38,Physiological scientist,Reedmouth
Kimberly Evans,michellewashington@gmail.com,18,Operational investment banker,Williamsport
Cesar Wong,sanderstaylor@gmail.com,48,Manufacturing systems engineer,East Daniel
Jamie Werner,pauldouglas@gmail.com,58,"Therapist, occupational",Wilsonbury
Rita White,debbiebrock@gmail.com,41,Wellsite geologist,Shannonborough
David Thompson,adalton@gmail.com,21,"Social research officer, government",Lynchmouth
Travis Pacheco,lsoto@gmail.com,47,Product manager,Lake Sylviastad
Sabrina Ruiz,michael15@gmail.com,58,Sport and exercise psychologist,Michellestad
Emily Martinez,amybrown@gmail.com,39,Editorial assistant,Longfurt
Patrick Johnson,stoutpriscilla@gmail.com,54,Police officer,New Edwardland
Shelby Waters,twang@gmail.com,41,"Horticulturist, commercial",Hernandeztown
Matthew Blevins,kevin03@gmail.com,40,"Engineer, chemical",North Jessica
Crystal Molina,jeremyobrien@gmail.com,26,"Presenter, broadcasting",East Rachel
Todd Johnson,mark63@gmail.com,20,"Surveyor, building",North Ann
Holly Garner,barryjohn@gmail.com,51,"Surveyor, commercial/residential",South Lindseyberg
Jennifer Gonzalez,ngraham@gmail.com,23,Pharmacologist,Roweville
Lisa Compton,murphykaren@gmail.com,23,Microbiologist,Garciamouth
Holly Henderson,gwagner@gmail.com,63,Museum/gallery exhibitions officer,North Kevinstad
Betty Yu,reedandrea@gmail.com,24,"Psychologist, occupational",South Luis
Eric Davis,george72@gmail.com,63,Chief Strategy Officer,Cherryfort
Jennifer Gallegos,andrebaker@gmail.com,29,Horticultural consultant,Bullockburgh
Christina Jenkins,andrewhicks@gmail.com,49,Environmental manager,East Kristinamouth
Sarah Lee,susanwatkins@gmail.com,51,Economist,Fieldston
Jamie Sampson,curtiscaldwell@gmail.com,39,Furniture designer,North Brentborough
Jennifer Lee,smithedward@gmail.com,32,Wellsite geologist,North Davidfort
Sharon Allen,christinahernandez@gmail.com,58,"Nurse, adult",South Michellemouth
Cassidy Morales,candacemitchell@gmail.com,39,Human resources officer,Robleshaven
Michael Sandoval,christopher57@gmail.com,27,"Psychologist, counselling",East Rebeccamouth
Chad Harris,naguilar@gmail.com,50,"Embryologist, clinical",South Timothy
Savannah Huff,melissa66@gmail.com,27,Farm manager,East Joelberg
Carol Johnston,jasmine30@gmail.com,34,"Producer, radio",Lake Brittany
Amanda Reid,vbrown@gmail.com,43,Osteopath,North Ashlee
Bailey Choi,hoffmantimothy@gmail.com,22,"Therapist, art",West Kathryntown
Connie Jones,mannmary@gmail.com,53,"Radiographer, therapeutic",Brownland
Anthony Rice,hillmary@gmail.com,38,"Designer, exhibition/display",West Ronaldmouth
Austin Rocha,corey68@gmail.com,49,Fitness centre manager,North Michellestad
Brandon Bryant,gomezmelissa@gmail.com,49,Radio broadcast assistant,Paulberg
Valerie Anderson,combsmatthew@gmail.com,54,"Designer, television/film set",Wellsfurt
Candice Curtis,sarahrich@gmail.com,64,Leisure centre manager,Lake Stevenmouth
Melody Rivers,qtaylor@gmail.com,55,Veterinary surgeon,Jacobfurt
Justin Smith,shirleywilcox@gmail.com,55,Mining engineer,Monicastad
Carly Wiley,carmenkennedy@gmail.com,28,Merchant navy officer,South Patriciahaven
Andrew Marsh,ninahudson@gmail.com,65,"Surveyor, building control",Port Mark
Matthew Kennedy,jorgecook@gmail.com,52,"Scientist, research (maths)",Lake Peter
Kim Rocha,ymartinez@gmail.com,30,Product manager,Vickitown
Ronald Sullivan,max33@gmail.com,56,Music tutor,Rachelhaven
Diana Lamb,millerryan@gmail.com,45,Proofreader,South Lisa
Amy Miller,breyes@gmail.com,32,Editorial assistant,East Margarethaven
Matthew Ramirez,vreed@gmail.com,25,Stage manager,Lake Joseph
Joel Willis,william35@gmail.com,65,Furniture designer,Lake Sharon
Carla Robertson,scott26@gmail.com,26,Operational researcher,West Michael
Yvonne Travis,robert93@gmail.com,24,Diagnostic radiographer,Lake Marcusmouth
Megan Zimmerman,mitchell09@gmail.com,29,Broadcast presenter,Jennifermouth
Patrick Sexton,eugenerodriguez@gmail.com,31,Garment/textile technologist,Kimberlyhaven
Matthew Ellis,whitemary@gmail.com,54,"Engineer, mining",Masonside
Erica Beard,smithbrenda@gmail.com,46,Economist,Huntville
Lindsey Smith,kimberly99@gmail.com,27,Chartered loss adjuster,Melanieton
Daniel Zuniga,petersondaniel@gmail.com,18,"Production designer, theatre/television/film",Annbury
Tyler Jensen,ambergreen@gmail.com,32,Exhibition designer,Barbaraton
Willie Shea,joseph83@gmail.com,35,Occupational therapist,West Elizabeth
Melissa Griffin,ralphthomas@gmail.com,30,Comptroller,Everettside
Natalie Boyle,dannyhernandez@gmail.com,21,Chief Strategy Officer,West Kelly
Jessica Wolf,hollandjon@gmail.com,40,"Research officer, government",West Shelby
Jill Burch,umoore@gmail.com,44,Soil scientist,Molinaview
Victoria Moore,martinezgeorge@gmail.com,57,Careers adviser,Lake Philipville
Marc Thompson,bmeyer@gmail.com,63,Toxicologist,South Brittany
Joshua Davis,jonathan86@gmail.com,40,Art therapist,Hillside
Mason Smith,lesterjeremy@gmail.com,57,Arts administrator,Robertberg
Robin Harris,staffordjoshua@gmail.com,38,Secondary school teacher,Joshuamouth
Scott Gallegos,kingcharles@gmail.com,54,"Scientist, research (physical sciences)",West Jacobchester
Kyle Rice,christinelewis@gmail.com,43,Magazine features editor,Banksview
Elizabeth Singleton,amanda78@gmail.com,62,"Nurse, learning disability",West Christopherside
Sarah Spencer,joseph60@gmail.com,38,"Engineer, civil (consulting)",Lake Kristiview
Cynthia Huff,laura94@gmail.com,32,Social worker,Stevensborough
Timothy Thomas,conniemitchell@gmail.com,33,Aid worker,North Benjamin
Joshua Hernandez,canderson@gmail.com,64,Sports development officer,Ewingburgh
Greg Williams,duaneadams@gmail.com,53,"Programmer, systems",Christopherland
Caleb White,bschwartz@gmail.com,57,Chartered loss adjuster,Romeroland
David Gutierrez,cynthia74@gmail.com,42,"Engineer, civil (contracting)",Spencerberg
Breanna Graham,lorettacox@gmail.com,23,"Pilot, airline",Toddchester
John Becker,besthannah@gmail.com,30,"Geneticist, molecular",Aliciaberg
Ryan Villarreal,nicholasrojas@gmail.com,58,"Accountant, chartered",North Todd
George Davila,andersonsteven@gmail.com,36,Office manager,Lake Gregorybury
Logan Weaver,megan69@gmail.com,62,Land,Rebeccamouth
Gary Johnson,jknight@gmail.com,65,Immigration officer,Lake Christopherberg
Dr. Darlene Cole DVM,kara87@gmail.com,40,Logistics and distribution manager,Port Joseph
Brittany Summers,ldrake@gmail.com,65,Building surveyor,South Deniseland
Brittney Thomas,dianetownsend@gmail.com,61,Records manager,Rhodesland
Christine Stevens,osilva@gmail.com,57,"Engineer, materials",South Derek
James Jimenez,tylerpetersen@gmail.com,50,Medical physicist,South Daniel
Thomas Allen,gordonamy@gmail.com,20,Primary school teacher,Cruzmouth
Tricia Wilson,nathanielgonzalez@gmail.com,55,Immigration officer,West Christopher
Michele Flores,jacksonpaul@gmail.com,59,Chief Strategy Officer,East Maryberg
Jessica Ramirez,herreratanya@gmail.com,44,Professor Emeritus,Cindyville
Wendy Thomas,derek64@gmail.com,33,"Therapist, art",Lake Kaylaburgh
David Edwards,kenneth87@gmail.com,44,"Investment banker, corporate",East Rebeccaburgh
Elizabeth Bennett,mshaw@gmail.com,32,International aid/development worker,Lake Julia
Teresa Griffin,eadams@gmail.com,31,Administrator,North Jacobhaven
Laura Liu,ramirezkevin@gmail.com,28,Exhibition designer,Taylorchester
Gregory Williams,nrobinson@gmail.com,50,Estate agent,Michaelburgh
Kirsten Jackson,jefferymiller@gmail.com,23,Data processing manager,Lake Matthewview
Wendy Jones,barrsue@gmail.com,24,Retail manager,New Janice
Joshua Wilson,zshort@gmail.com,27,"Research officer, trade union",Susanmouth
Julie Livingston,ronald76@gmail.com,43,Operations geologist,Ericmouth
Valerie Turner,johnlewis@gmail.com,29,Water engineer,South Connorborough
Matthew Nunez,rachael25@gmail.com,60,Tour manager,Prattton
James Miller,preston02@gmail.com,63,Sports administrator,South Steven
Lauren Duncan,bho@gmail.com,35,Museum/gallery exhibitions officer,Lake Veronicaville
Samantha Martin,thomas92@gmail.com,37,Systems developer,New Diane
William Noble,rsmith@gmail.com,44,English as a foreign language teacher,Connerborough
Heather Shaw,erin87@gmail.com,31,Audiological scientist,East Jayland
Lori Chavez,cesarsimon@gmail.com,63,Games developer,North Elizabeth
Sydney Morris,kimberly77@gmail.com,60,"Engineer, communications",Jacksonshire
Benjamin Patel,alexander92@gmail.com,22,Building services engineer,Gilbertport
Kristy Morgan,moyerrussell@gmail.com,57,Airline pilot,Frankside
Kelly Owens,millerandrea@gmail.com,56,Medical physicist,West Jamesberg
Jason Hoffman,peter03@gmail.com,55,Diagnostic radiographer,Jennifershire
Tina Miller,nicholassampson@gmail.com,55,Transport planner,South Stephaniefort
Matthew Myers,pauljustin@gmail.com,30,Soil scientist,Jessicahaven
Robert Ramirez,gregorygregory@gmail.com,58,"Copywriter, advertising",West William
Mark Perry,jonathanturner@gmail.com,30,Higher education lecturer,Jenniferview
Justin Hernandez,nryan@gmail.com,51,Homeopath,Boyleberg
William Moon,rlawrence@gmail.com,40,IT technical support officer,Lake Kimberlyville
Erin Weiss,melissarangel@gmail.com,43,Hydrogeologist,Melissachester
Michael Lawrence,jessicabuck@gmail.com,62,Broadcast engineer,West Jamesmouth
Andrew Morgan,ashley39@gmail.com,30,"Surveyor, building control",Danielfort
Joshua Vaughan,wattscorey@gmail.com,50,"Teacher, secondary school",Port Deniseland
Bradley Clark,donaldsonsusan@gmail.com,65,"Teacher, early years/pre",West Daniel
Lydia Hernandez,whitneywilson@gmail.com,55,Forensic scientist,New Katrinaburgh
Kevin Smith,stevethompson@gmail.com,34,Best boy,Port Matthew
Jeffrey Townsend,lfoster@gmail.com,21,Music therapist,Daltonmouth
Robert Martinez,robert84@gmail.com,35,Television floor manager,East Robertport
Sabrina Mendez,cameronandrew@gmail.com,43,Press sub,Michaelberg
David Wilson,fpadilla@gmail.com,37,"Scientist, physiological",Kellyshire
Todd Hatfield,darrencannon@gmail.com,64,Educational psychologist,New Anthony
Carlos Williams,gregorydeleon@gmail.com,48,Horticultural therapist,New Kelly
Deborah Johnston,fgonzalez@gmail.com,27,Prison officer,West Christinaside
Sarah Chavez,sandersmichael@gmail.com,37,"Programmer, systems",Feliciaport
Tracy Hancock,jimmycampbell@gmail.com,58,Wellsite geologist,Youngview
Joseph Walker,fhamilton@gmail.com,28,Mental health nurse,West Adam
Kevin Kim,jasminerussell@gmail.com,53,Ceramics designer,Port Jessicamouth
Dawn Baldwin,daniel93@gmail.com,41,Futures trader,Port Nathan
Julia Mason,wrightdavid@gmail.com,53,Chief Executive Officer,Andrewberg
Wendy Torres,linda29@gmail.com,42,Psychiatrist,Perkinsmouth
Tami Chen,nunezbernard@gmail.com,61,Phytotherapist,North Russell
Gina Barajas,lisa92@gmail.com,27,Theatre stage manager,West Audrey
Daniel Freeman,herrerarobert@gmail.com,59,"Solicitor, Scotland",Port Alyssa
Christopher Padilla,seancline@gmail.com,57,Arts development officer,Johnsonberg
Aaron Sanchez,eugenelarson@gmail.com,62,Dealer,Stanleyberg
Robert Barrett,williamsmark@gmail.com,53,Wellsite geologist,East Paul
Anna Green,meredithvaughn@gmail.com,37,Race relations officer,West Tonyashire
Karen Maldonado,alisha69@gmail.com,31,Interior and spatial designer,West Taraside
Claudia Joseph,jlopez@gmail.com,47,"Conservator, museum/gallery",Davidberg
Jimmy Burch,amandabrown@gmail.com,57,Equities trader,Lake Kaylee
Andrew Hill,thompsonhelen@gmail.com,36,"Surveyor, building control",East Kimberly
Alexander Wright,andrewchambers@gmail.com,21,Television camera operator,Lake Alexandra
Robin Atkins,ericnorman@gmail.com,41,Clinical cytogeneticist,New Manuelhaven
Tony Morris,leepaul@gmail.com,31,"Surveyor, insurance",Martinezfort
Lauren Rivera,stacy92@gmail.com,28,Recruitment consultant,East Troy
Brady Ruiz,karen55@gmail.com,32,Analytical chemist,East Mark
Erik Foley,guzmandeborah@gmail.com,36,Higher education lecturer,Port Timothytown
Chelsea Richardson,kfleming@gmail.com,41,"Surveyor, planning and development",West Michellemouth
Andrew Robinson,johnvazquez@gmail.com,43,"Horticulturist, amenity",Kyleville
Richard Salas,baileymiller@gmail.com,19,Orthoptist,Wilkersonchester
Amy Rivas,colestone@gmail.com,55,"Engineer, drilling",East John
Shannon Rodriguez,darin24@gmail.com,40,Conference centre manager,Brandonport
Alex Moyer,ruizlydia@gmail.com,27,Counsellor,East Michellefurt
Benjamin Henderson Jr.,westjames@gmail.com,33,Health physicist,Blackmouth
Jennifer Walker,shelleygreen@gmail.com,52,Gaffer,East Patriciaburgh
Michele Montes,margaret59@gmail.com,32,Recruitment consultant,Lake Jamesmouth
Joshua Humphrey,andrew69@gmail.com,49,Commercial art gallery manager,East Philliptown
Sandra Kelly,elliswilliam@gmail.com,27,Careers information officer,Lake Anthony
Scott Martinez,gonzalesjames@gmail.com,63,Soil scientist,Robbinsfort
Scott Anderson,robert39@gmail.com,20,Environmental manager,Port Peter
Richard Ellis,dondavidson@gmail.com,38,Sports administrator,New Erinview
Danielle Sampson,johnmartinez@gmail.com,64,Leisure centre manager,Johnside
Cindy Mitchell,michael57@gmail.com,56,Drilling engineer,Howardview
Troy Murphy DVM,david97@gmail.com,20,Mudlogger,Teresamouth
Barry Elliott,kendra62@gmail.com,42,"Geologist, engineering",Baileystad
Stephen Gross,kariwilliams@gmail.com,41,"Therapist, nutritional",Colemanburgh
Mrs. Patricia Ibarra,mccoyelizabeth@gmail.com,25,Heritage manager,Port David
Stefanie Hines,krista61@gmail.com,32,Furniture conservator/restorer,East Martin
Glenn Myers,rebecca96@gmail.com,39,Radio producer,North Marisaton
Anthony Dunn,tmiller@gmail.com,21,Fast food restaurant manager,Wutown
Robert Ward,gabrielyoung@gmail.com,41,Transport planner,New Sara
Kelly Smith,melissacalderon@gmail.com,42,"Engineer, mining",West Mariahshire
Christina Wagner,toddjoe@gmail.com,57,Chief of Staff,East Kaitlyn
Lindsay Diaz,lisa28@gmail.com,64,"Surveyor, building control",New Jonathan
Stephen Strong,bennettalexander@gmail.com,42,Community development worker,West Sally
Kevin Nelson,perezjuan@gmail.com,31,Public affairs consultant,Lake Davidborough
Kevin Adams,annsmith@gmail.com,45,Insurance claims handler,Derekmouth
Alexander Edwards,jenniferarnold@gmail.com,46,Data scientist,Petersonfort
Alice Graves,qthornton@gmail.com,56,Television camera operator,North Cynthiafort
Angela Mason,dawnwilliams@gmail.com,34,Community pharmacist,New Jenniferburgh
Meghan Hurley,tadkins@gmail.com,29,"Sound technician, broadcasting/film/video",Lake John
Kevin Gomez,bcuevas@gmail.com,55,"Teacher, special educational needs",Tyroneland
Jacob Everett,elowery@gmail.com,19,Health and safety adviser,New Natalie
Sean Smith,abennett@gmail.com,18,"Therapist, horticultural",Kimberlyview
Danny Hernandez,kdavis@gmail.com,60,"Scientist, research (life sciences)",Hunterborough
Steven Roman,josephstephens@gmail.com,61,Occupational hygienist,South Samanthashire
Derek Robinson,nathaniel19@gmail.com,61,Broadcast journalist,South Juliemouth
Nancy Alexander,susanwilkinson@gmail.com,28,Teaching laboratory technician,Lake Anthony
Christopher Long,williamsdwayne@gmail.com,29,"Designer, multimedia",Lake Amy
Shane Murphy,oalexander@gmail.com,51,Chief Marketing Officer,Brownshire
Troy Lee,danielcampbell@gmail.com,49,Veterinary surgeon,Kennethmouth
Barbara Diaz,burnetttyler@gmail.com,63,Forest/woodland manager,Vangfort
Amy Salazar,esalazar@gmail.com,57,Furniture designer,Franklinville
Tyler Livingston,michaelknight@gmail.com,38,"Research officer, government",New Cynthiaberg
Amanda Henderson,becky08@gmail.com,60,Geophysicist/field seismologist,North Nicholas
Paul Bailey,ryan51@gmail.com,59,"Programmer, multimedia",Port Joshuaburgh
Jessica Smith,mendezbrooke@gmail.com,48,Air broker,North Thomasborough
Julie Michael,jeremylopez@gmail.com,20,"Engineer, agricultural",New Bettyshire
Regina Peters,stevenolson@gmail.com,49,Quarry manager,Walshmouth
Katie Hamilton,daviskelly@gmail.com,41,Air broker,Danielletown
Mr. Todd Oliver,ericzuniga@gmail.com,65,Careers information officer,Matthewsstad
Melissa Chapman,bsnyder@gmail.com,46,Environmental consultant,Perryton
Leslie Houston,tonyabrown@gmail.com,54,Occupational hygienist,East Kristinaburgh
Katherine Austin,reevesbryan@gmail.com,65,"Therapist, horticultural",Osbornside
Caitlyn Green,jimmylutz@gmail.com,22,"Civil engineer, consulting",East Seth
Benjamin Nguyen,wsoto@gmail.com,18,Chartered management accountant,East Shaneland
Susan Davidson,hollybennett@gmail.com,65,Horticultural consultant,Port Lisa
Monica Garcia,connie48@gmail.com,61,Contractor,Josephstad
Zachary Clark,morrisblake@gmail.com,47,Immigration officer,South Alexander
Jennifer Martin,heatherrodriguez@gmail.com,49,Volunteer coordinator,Richardstad
Christopher Li,flemingsavannah@gmail.com,28,Automotive engineer,West Natalie
Julia Oconnor,melissafleming@gmail.com,38,Research scientist (physical sciences),East Christopherbury
Russell Palmer,thomaswoods@gmail.com,50,Electrical engineer,Port Darrell
Kelly Price,bmorrison@gmail.com,44,Information systems manager,South Melissaton
Michelle Baker,ortizalexander@gmail.com,24,Local government officer,East Ricardoville
Megan Gonzalez,matacassandra@gmail.com,49,Scientific laboratory technician,South Stephen
James Walker,sandrapruitt@gmail.com,37,Community pharmacist,South Josephborough
Edward Burns,savannah82@gmail.com,41,"Editor, commissioning",Williamton
Paul Allen,qphelps@gmail.com,53,Waste management officer,Tonyastad
Dale Perkins,shane48@gmail.com,60,Museum/gallery curator,West Jerryville
Kimberly Little,grodgers@gmail.com,61,Pathologist,Port Cynthiatown
Gail Davis,michaelmurray@gmail.com,26,Chief Strategy Officer,West Kevinbury
Robert Bishop,robinstafford@gmail.com,42,Training and development officer,Drewfurt
Priscilla Wilcox,breannacarey@gmail.com,35,Bookseller,North Travis
Karen Marshall,malik60@gmail.com,25,Sports therapist,Lake Richard
Sean Rhodes,obrown@gmail.com,52,Futures trader,Joseland
Kelly Gutierrez,nathan01@gmail.com,58,Furniture designer,East Maria
Joshua Wheeler,johnkent@gmail.com,59,"Research officer, government",Larryville
Natasha Gonzalez,goodwinjacob@gmail.com,44,Health service manager,North Jennifer
Steven Harding,loribuck@gmail.com,49,"Engineer, technical sales",Lake Tammy
Bianca Wiggins,matthew36@gmail.com,55,Food technologist,Ayersville
Diana Holmes,dixonbrenda@gmail.com,37,Artist,Nicoleport
Christine Johnson,glen06@gmail.com,65,IT consultant,Dorothyhaven
Jessica Gibson,youngmary@gmail.com,19,"Therapist, nutritional",East Lauraport
Erik Ashley,jennifer15@gmail.com,57,Theatre director,East Thomasfort
Nicholas Torres,candicecameron@gmail.com,29,Acupuncturist,Scottland
Mary Walker,vmartinez@gmail.com,25,Podiatrist,Kimberlymouth
Gerald Carson,natasharubio@gmail.com,47,"Surveyor, mining",Lake Timothy
Jennifer Mann,vharrison@gmail.com,22,Jewellery designer,Mooreborough
Andre Soto,gracearellano@gmail.com,62,Civil Service fast streamer,North Brian
Dawn Henson,danielleescobar@gmail.com,43,Medical secretary,West Samuel
Nancy Jackson,fpayne@gmail.com,50,Multimedia specialist,Heatherview
Christopher Rubio,victor54@gmail.com,45,Museum/gallery conservator,North Isabel
Jack Pearson,dunlaprachel@gmail.com,21,"Scientist, clinical (histocompatibility and immunogenetics)",South Timothybury
Brandon Jones,cookstacy@gmail.com,63,Ranger/warden,Ethanton
Jacqueline Marshall,elizabeth98@gmail.com,37,Adult guidance worker,Port Tommyville
Juan Howard,derekalexander@gmail.com,32,"Radiographer, diagnostic",North Ashley
Morgan Garcia,paul80@gmail.com,64,Physiotherapist,Robinsonhaven
Jason Browning,michaelroberts@gmail.com,59,"Geologist, wellsite",Thompsonmouth
Jonathan Heath,lisapotter@gmail.com,60,Licensed conveyancer,Gabriellaport
Nancy Boyd,mark13@gmail.com,57,Telecommunications researcher,Scottbury
Kenneth Griffith,lopezdeborah@gmail.com,51,"Education officer, community",Ninaberg
David Love,julie93@gmail.com,38,Curator,West Vincent
Michael Wilson,kellyhayes@gmail.com,50,"Development worker, community",Christianmouth
Zachary Hall,thomasthomas@gmail.com,21,"Scientist, audiological",Stevenbury
Cheryl Tran,ihernandez@gmail.com,25,"Engineer, technical sales",Jonesmouth
Maria Gonzalez,scott12@gmail.com,31,Occupational hygienist,Madisonview
Cynthia Bell,udavis@gmail.com,52,Science writer,Schmidtstad
Scott Williams,amber95@gmail.com,55,Travel agency manager,East Lindseystad
Linda Gilbert,laura09@gmail.com,24,Advertising art director,New Diana
Lisa Foley,charles77@gmail.com,58,Product/process development scientist,Angelahaven
Mrs. Sylvia Taylor,pateldonald@gmail.com,57,IT sales professional,Lake Joshua
Sherri Cortez,brownalex@gmail.com,42,Veterinary surgeon,East Ginaberg
Billy Rocha III,diazashley@gmail.com,54,Occupational therapist,Woodwardbury
Gloria Kelly,dfoster@gmail.com,44,Magazine features editor,Port Amyfurt
Jennifer Nguyen,awallace@gmail.com,34,Podiatrist,Andreamouth
Calvin Sullivan,zachary12@gmail.com,49,Armed forces logistics/support/administrative officer,Port Jesse
Caitlin Hardin,shawn89@gmail.com,42,Solicitor,Port Nicholefort
Carmen Pollard,nelsonpaul@gmail.com,27,Psychotherapist,North Jennifer
Joel Fox,jessica97@gmail.com,35,"Therapist, music",East Kimberly
Sheila Nelson,franciscomartinez@gmail.com,55,Transport planner,Lake Laurenport
Alicia Sims,manuel70@gmail.com,65,Proofreader,Lake Nancyland
James Lopez,nbrown@gmail.com,28,Archaeologist,Mariaville
Daniel Rivera,catherineyoder@gmail.com,27,Media buyer,Hunterfurt
Lori Wells,mgilmore@gmail.com,53,"Engineer, broadcasting (operations)",West Laura
Sharon Vargas,deborah00@gmail.com,25,Osteopath,Jamiestad
Christian Whitaker,whuff@gmail.com,52,Chartered certified accountant,South Rachaelberg
Shane Fitzpatrick,robertsandoval@gmail.com,32,"Scientist, marine",Port Timothystad
Grace Bridges,ysmith@gmail.com,49,Neurosurgeon,Jasonstad
Chelsea Mora,ochavez@gmail.com,56,Air cabin crew,Robertsonstad
Jonathan Hall,calderontommy@gmail.com,44,Music tutor,Lake Timothy
Lorraine Alexander,hernandezjoseph@gmail.com,55,Glass blower/designer,West Joseberg
Natasha White,christine24@gmail.com,30,"Nurse, children's",Weberstad
Sarah Garcia,greenangela@gmail.com,53,Phytotherapist,Adrianmouth
James Wilcox,kbarr@gmail.com,40,Site engineer,Rodriguezbury
Tonya Rodgers,drice@gmail.com,52,Dentist,New Michaelburgh
Sean Stein,lholder@gmail.com,21,"Scientist, research (life sciences)",Port Spencer
Andrew King MD,moralesderek@gmail.com,57,"Surveyor, building",East Carla
Mr. David Cross,millscarrie@gmail.com,52,Industrial buyer,South Jacob
Jonathan Olson,martin77@gmail.com,65,Wellsite geologist,Lake Michael
Nicholas Roberts,scarter@gmail.com,43,"Restaurant manager, fast food",Johnsonfort
Jessica Miller,buchanantracie@gmail.com,61,"Engineer, mining",West John
Robin Castillo,jacksonmatthew@gmail.com,48,"Engineer, chemical",East Michael
Michelle Williams,todd85@gmail.com,31,"Engineer, energy",Wolfeton
Mrs. Krista Gomez,coxnichole@gmail.com,40,"Optician, dispensing",West Kristenshire
Peter Morales,ewillis@gmail.com,52,"Designer, graphic",Williammouth
Megan Holland,jenny72@gmail.com,24,"Accountant, chartered certified",New Jesse
David Morris,ndennis@gmail.com,44,Risk manager,Mendezberg
Scott Anderson,sjohnson@gmail.com,23,Surgeon,Kaylashire
William Allen,andrewsrichard@gmail.com,50,Bookseller,North Katelyn
Paul Reilly,peterpham@gmail.com,43,"Engineer, maintenance (IT)",Lake Suemouth
Jason Patterson,deborahrivera@gmail.com,52,Hydrogeologist,Javiermouth
Laurie Ramsey,robert97@gmail.com,18,Tourist information centre manager,Alisonberg
Kristen Moreno,fblake@gmail.com,20,Minerals surveyor,North Paul
Jimmy Watson,andersonkimberly@gmail.com,44,Regulatory affairs officer,Thompsonfurt
Renee Warner,leehaley@gmail.com,30,Information officer,Lake Marie
John Mendez,sarahclark@gmail.com,42,Advertising account planner,New Andrewport
Allen Hubbard,bradley16@gmail.com,26,Curator,New Dana
Valerie Williams,michaelsoto@gmail.com,52,Health visitor,South James
Derek Lopez,kirkhannah@gmail.com,44,"Engineer, broadcasting (operations)",Bentleyview
Stephanie Parsons,jessica74@gmail.com,50,"Scientist, biomedical",South Caleb
Brandon Campos,leemichael@gmail.com,39,"Geologist, wellsite",Rachelstad
Dale Moody,nicolewilliams@gmail.com,50,Operations geologist,South Elizabeth
Alan Obrien,lisa80@gmail.com,25,"Designer, blown glass/stained glass",Brownfurt
Emily Miller,vickieabbott@gmail.com,44,Chief of Staff,South Matthew
Sharon Morton,sheilamartin@gmail.com,18,Psychiatrist,Jeremiahport
Derrick Anderson,fday@gmail.com,48,"Scientist, research (medical)",East Deborah
Regina Bray,cheyenne88@gmail.com,64,Personal assistant,North Joseph
Brittany Davis,mooneyphillip@gmail.com,18,Bonds trader,Clinechester
Mrs. Nancy Suarez,greenvalerie@gmail.com,47,Actuary,New Theresa
Joanne Patton,williamsjoan@gmail.com,61,"Engineer, site",Ryantown
Michael Villa,christopherlopez@gmail.com,24,Theatre director,Smithhaven
Tammy Savage,matthewgregory@gmail.com,27,Exercise physiologist,Cassandraborough
Leonard Guerrero,dwarner@gmail.com,56,Insurance risk surveyor,Port James
Jason Martin,adamsjose@gmail.com,62,"Education officer, museum",Lake John
Kathleen Thomas,andrea79@gmail.com,50,International aid/development worker,West Douglasmouth
Briana Simmons,alexanderdavid@gmail.com,35,"Production assistant, radio",Christianview
Renee Clark,grahamjeffrey@gmail.com,34,Arts development officer,Zunigaland
Bernard Moyer,williamscraig@gmail.com,30,"Nurse, adult",Lake Elizabethland
Jennifer Woods,stephenpayne@gmail.com,61,Press photographer,New Jeanetteton
Lawrence Gibson,zlutz@gmail.com,52,"Psychologist, forensic",South Dustinhaven
Pamela Morrison,maria09@gmail.com,65,"Therapist, drama",Melissaborough
Angela Parker,qvega@gmail.com,38,Biomedical engineer,Christineville
Michelle Rose,jessicaschneider@gmail.com,59,"Psychologist, occupational",Nelsonshire
Stacy Brown,edward12@gmail.com,51,Regulatory affairs officer,Bookerside
Christina Francis,christopher33@gmail.com,63,Sales promotion account executive,Stevenview
Nicolas Mcintosh,ian93@gmail.com,33,Insurance claims handler,West Steven
Kevin Tran,uvargas@gmail.com,47,Primary school teacher,Randybury
Juan Ali,christine55@gmail.com,55,"Engineer, communications",Melissaburgh
Edward Martinez,btucker@gmail.com,51,Company secretary,Murraymouth
Caleb Jacobson,ashleytucker@gmail.com,22,"Surveyor, quantity",New Ashley
Laura Davis,qmartin@gmail.com,65,"Lighting technician, broadcasting/film/video",East Lindsaymouth
Luis Allen,andreagarcia@gmail.com,34,"Radiographer, therapeutic",New Jasonhaven
Erika Rivas,elizabeth35@gmail.com,23,Fashion designer,North Sharonshire
Tara Morales,thomaskevin@gmail.com,28,"Loss adjuster, chartered",East Vickiburgh
Joseph Holden,espinozakayla@gmail.com,44,Government social research officer,East Alyssa
Anna Galloway,graymond@gmail.com,60,Chartered certified accountant,Port Andreafort
Christine Chavez,carrlucas@gmail.com,39,Local government officer,New Paulburgh
Jeffrey Miller,ricky81@gmail.com,53,Records manager,Dayshire
Abigail Romero,juarezjennifer@gmail.com,26,Equities trader,Lake Jasmine
John Mcgrath DDS,tracibaker@gmail.com,27,Chief Executive Officer,New Mathewtown
Sydney Morris,chelseahenderson@gmail.com,64,Astronomer,Richardmouth
Diana Watson,chooper@gmail.com,28,Horticultural therapist,East Andrewton
Gregory White,patelbrent@gmail.com,42,Interpreter,Cameronside
Sheila Reed,larry10@gmail.com,37,"Psychologist, counselling",South Christopherstad
Elizabeth Lane,pattersonwilliam@gmail.com,23,Administrator,Williamschester
Kayla Miller,schultzdustin@gmail.com,24,Neurosurgeon,Catherinemouth
William Jones,melissa43@gmail.com,55,Dentist,Port Mariaburgh
Kyle Kirk,pagenicholas@gmail.com,18,Video editor,Evelynbury
Veronica Williams,michelle63@gmail.com,46,Chief Financial Officer,Lake Barbarafurt
William Mcdonald,jessicamaldonado@gmail.com,57,Sport and exercise psychologist,Robertsburgh
Scott Gonzales,louis79@gmail.com,46,Press sub,Wrightview
Zachary Carter,htaylor@gmail.com,18,Arts development officer,Lopezshire
Lauren Turner,tiffanyadams@gmail.com,34,Chartered public finance accountant,Christopherfort
Jo Terry,jennifer95@gmail.com,59,Commissioning editor,Lake Laurie
Aaron Berry,oashley@gmail.com,52,Research scientist (maths),South Austinmouth
Scott Jackson,gregory56@gmail.com,62,Tourism officer,Mccoyton
Edward Lara,crystal77@gmail.com,56,Science writer,West Nicholashaven
Brittney Williams,warnermegan@gmail.com,56,Oncologist,East Alyssashire
Eric Murphy,hmata@gmail.com,32,Dance movement psychotherapist,West Tammy
Brenda Baldwin,blackwelljames@gmail.com,64,"Lecturer, further education",Brendatown
Elizabeth Reyes,sydney94@gmail.com,51,Environmental consultant,Deannashire
Nathan Walker,charlesoneal@gmail.com,49,"Pilot, airline",Foxton
James Romero,lisasavage@gmail.com,31,Copy,Mitchellberg
Tina Pierce,davisandrew@gmail.com,35,Science writer,Camachoport
Jennifer Hernandez,laura59@gmail.com,34,Leisure centre manager,East Cheryl
Allison Jones,ramirezannette@gmail.com,36,Energy manager,Williamland
Thomas Martin,sharonwright@gmail.com,61,"Therapist, horticultural",Aaronbury
Michael Franklin,kelly50@gmail.com,27,"Administrator, charities/voluntary organisations",Port Haley
Aaron Reynolds,kwebster@gmail.com,54,Race relations officer,East Angelica
Brandon Rogers,nprice@gmail.com,28,"Investment banker, operational",West Katietown
Sarah Chaney,rebecca23@gmail.com,23,"Designer, furniture",Lake Robertside
Angela Davila,ubooth@gmail.com,19,Health and safety inspector,South Richard
Christopher Carson,megan90@gmail.com,65,"Designer, interior/spatial",Port Paulton
Rhonda White,sheppardallen@gmail.com,58,Horticultural consultant,Lake Anna
Casey Griffin,harrisonmegan@gmail.com,22,Charity fundraiser,New Tonymouth
Ryan Lopez,howardjamie@gmail.com,41,Early years teacher,Mosleymouth
Brandi Davis,henrykirk@gmail.com,41,Telecommunications researcher,Amberside
Amanda Cox,justin50@gmail.com,30,Data processing manager,Robertport
Robert Hubbard,hintonjimmy@gmail.com,50,"Designer, fashion/clothing",New Shawnton
Nancy Vazquez,sfreeman@gmail.com,37,"Designer, jewellery",East Christinaborough
Cynthia Jacobson,yhoward@gmail.com,28,"Psychologist, counselling",Turnermouth
Timothy Turner,chapmancrystal@gmail.com,54,"Buyer, retail",Reedfurt
Brad Taylor,cle@gmail.com,43,Estate agent,Mirandachester
Helen Reese,javieradams@gmail.com,44,Curator,New Dawn
Mallory Clark,josephknapp@gmail.com,42,"Engineer, electrical",Nancyberg
Sarah Washington,richard56@gmail.com,22,"Pharmacist, hospital",Darrenchester
Claudia Stewart,bryan31@gmail.com,37,"Editor, commissioning",Thomasfurt
William Patel,samantha05@gmail.com,38,Health physicist,South Kevintown
Kim Parker,sanchezmatthew@gmail.com,21,"Geologist, wellsite",Melissaton
Aaron Baker,coxdavid@gmail.com,48,Advertising account planner,Lake Andrewside
Anne Bennett,larryreed@gmail.com,38,Illustrator,New Ralph
Carol Sweeney,xgraves@gmail.com,45,"Producer, television/film/video",South Courtney
Tamara Garza,tatescott@gmail.com,40,"Surveyor, commercial/residential",East Kevin
Robert Walters,zgutierrez@gmail.com,22,TEFL teacher,Kennethstad
Michael Castillo,erobinson@gmail.com,54,Theme park manager,Kathrynborough
Wesley Duran,flowersjessica@gmail.com,33,"Surveyor, mining",North Christymouth
Carolyn Hernandez,mooredeborah@gmail.com,45,Land,Clayside
James Clark,bramirez@gmail.com,38,"Engineer, water",Danaton
Karen Hart,rdodson@gmail.com,30,Personnel officer,Ryanberg
Dr. Michael Wise,roberto32@gmail.com,34,Interior and spatial designer,Nathanview
Frank Schultz,yrice@gmail.com,38,Secondary school teacher,Spearsport
Melissa Gill,mitchelljames@gmail.com,59,Insurance claims handler,South Katherineside
Laura Coleman,cookana@gmail.com,38,Conference centre manager,North Anthonyfort
Kaitlin Houston,amandameadows@gmail.com,27,Advertising account executive,Williamsburgh
Gregory Garrison,rbrown@gmail.com,50,Television/film/video producer,East Charlesshire
Daniel Freeman,kimberly03@gmail.com,36,Insurance underwriter,East Kara
Jason Ramos,stevensonjeremy@gmail.com,50,Diagnostic radiographer,Jenkinsfurt
John Waters,ysnyder@gmail.com,27,"Conservator, museum/gallery",New Abigail
Patricia Marquez,mcervantes@gmail.com,34,"Administrator, Civil Service",New Daleside
Bill Morrison,ewilson@gmail.com,49,"Administrator, sports",West Danielbury
Scott Atkins,lisa76@gmail.com,35,Materials engineer,West Cindy
Nicholas Bailey,jasoncooper@gmail.com,36,"Research officer, trade union",East Melissa
Brendan Ewing,laurawilliams@gmail.com,32,Training and development officer,East Frank
Melinda Braun,nathan11@gmail.com,25,Medical illustrator,Martinland
Charlene Robinson,erikandrade@gmail.com,54,Statistician,North Kirk
Richard Perez,ashley40@gmail.com,63,Merchant navy officer,Lake Eric
Chloe Myers,wesley95@gmail.com,46,"Nurse, children's",Dianeton
Caleb Beck,cooperkent@gmail.com,61,Therapeutic radiographer,Myershaven
Mrs. Amanda Rodriguez DDS,irodriguez@gmail.com,61,Television floor manager,New Tamara
Diane Vasquez,amanda20@gmail.com,39,"Geologist, engineering",East Benjaminhaven
Nicole West,mmills@gmail.com,36,Exercise physiologist,Reneeshire
Emily Orozco,lbaker@gmail.com,39,"Engineer, land",West Pamelaburgh
Dalton Murillo,charles39@gmail.com,27,Armed forces technical officer,Taylorton
Brian Pacheco,phoward@gmail.com,43,Occupational therapist,Frankmouth
Kristen Burton,sharper@gmail.com,19,"Engineer, technical sales",North Donnaport
Robert Thomas,robert60@gmail.com,45,Adult nurse,Lake Monica
Michelle Mclaughlin,wheelermichael@gmail.com,45,Further education lecturer,Port Alicia
Jacob Mitchell,flynnjanet@gmail.com,56,Research scientist (life sciences),Claudiafurt
Stephen Wyatt,woodwayne@gmail.com,39,Community arts worker,Williamsmouth
Yolanda Walton,brittanycarter@gmail.com,44,Fast food restaurant manager,West Kelly
Michael Brady,gmitchell@gmail.com,26,Child psychotherapist,South Jeffreymouth
Catherine Nixon,anthony37@gmail.com,56,Television floor manager,Williamsfort
Mason Flores,tiffany33@gmail.com,26,"Engineer, water",Leefort
Harold Garcia,jamesandrews@gmail.com,61,Physiological scientist,North Shannonhaven
Dr. Ashley Cruz,ericahansen@gmail.com,26,"Editor, commissioning",Lake Ashleyfort
Angela Garcia,jason38@gmail.com,57,Surgeon,Morganborough
Leslie Castillo,judyphillips@gmail.com,45,Hydrologist,Mcculloughberg
Roger Collins,xshaw@gmail.com,65,Corporate investment banker,Houstonton
Steven Ross,lisa38@gmail.com,42,"Education officer, environmental",Carrieland
Kathryn Peterson,robertsbobby@gmail.com,28,Advice worker,Port Christina
Tony Walsh,robert94@gmail.com,27,Illustrator,Aguirreville
Danny Vargas,jennifer58@gmail.com,54,"Administrator, charities/voluntary organisations",Emilyland
Jennifer Barnes,dandrews@gmail.com,21,Clinical research associate,South Tarachester
Daniel Brown,vsmith@gmail.com,35,Software engineer,West Davidville
Matthew Maxwell,curryryan@gmail.com,47,Clinical embryologist,Codytown
Kimberly Decker,nelsonaudrey@gmail.com,63,"Therapist, horticultural",Madisonview
Daniel Horn,ryan44@gmail.com,19,Ophthalmologist,Rosalesfurt
Jacob Cruz,mglenn@gmail.com,51,"Conservator, museum/gallery",Johnchester
Ashley Reyes,nancyjackson@gmail.com,32,Barrister's clerk,West Natasha
Mark Smith,pduke@gmail.com,33,Firefighter,Port Edgarton
Matthew Thompson,kjacobs@gmail.com,50,Radiation protection practitioner,Fisherberg
Jose Lee,wwiggins@gmail.com,38,"Chemist, analytical",Lake Jacqueline
Regina Barton,vbates@gmail.com,36,Financial adviser,East Amyhaven
Brian Walker,cruzdavid@gmail.com,28,Analytical chemist,Port Jerry
Amanda Adams,gramos@gmail.com,56,"Producer, television/film/video",South Patricia
Dakota Davis,sritter@gmail.com,54,Commercial horticulturist,Williamsbury
Jennifer Long,michael54@gmail.com,31,Primary school teacher,South Maxburgh
Krista White,robinsonjames@gmail.com,65,Advertising account executive,Christopherland
Larry Kemp,rgonzalez@gmail.com,49,Human resources officer,Gibsonborough
Kristina Murray,amanda80@gmail.com,44,Archivist,Scottborough
Matthew Carter,barbara70@gmail.com,46,Chartered legal executive (England and Wales),Tonyberg
Shawn Jackson,donald10@gmail.com,58,Amenity horticulturist,Port Ashleyside
Sheryl Campbell,kararoberts@gmail.com,28,Cytogeneticist,Hicksmouth
Dale Manning,melanieatkins@gmail.com,24,Amenity horticulturist,New Erica
Lisa Kelley,astewart@gmail.com,30,Brewing technologist,East Heatherton
Randall Ellis,irivera@gmail.com,49,Computer games developer,Lake Trevortown
Stephanie Whitehead,madelineknox@gmail.com,30,Public house manager,North Elizabethfurt
Brian Fletcher,jessicadickson@gmail.com,28,Building services engineer,South Heidibury
Deborah Rivers,pattersonbrian@gmail.com,59,Market researcher,Port Aprilburgh
Sharon Washington,griffinelizabeth@gmail.com,26,Physiological scientist,Jimeneztown
Michelle Page,frank24@gmail.com,32,Building services engineer,Nancyview
Ashley Miller,tjohnson@gmail.com,32,"Administrator, Civil Service",West Mariafurt
Jennifer Hinton,martinmelanie@gmail.com,60,"Nurse, children's",South Christy
Melissa West,shieldschloe@gmail.com,22,Psychiatrist,North Kristin
Maria Edwards,steven52@gmail.com,49,Pension scheme manager,New Louis
Cameron Potts,tanyarobinson@gmail.com,55,Telecommunications researcher,South Phillip
Stephanie Hart,samantha66@gmail.com,50,Politician's assistant,West Brooke
Kelly Hill,manuel48@gmail.com,23,"Surveyor, commercial/residential",Parkfurt
Donna Parrish,seangoodman@gmail.com,59,"Therapist, music",Ashleyborough
William Alvarez,james95@gmail.com,65,"Engineer, materials",Lake Shannon
Paul Baker,jamesronald@gmail.com,48,"Administrator, local government",East Amanda
Leslie Jackson,miguel50@gmail.com,23,Environmental health practitioner,Port Carlos
Emily Hernandez,cbrown@gmail.com,37,Chartered management accountant,North Nicholasshire
Jonathan Sanchez,rchandler@gmail.com,63,"Designer, blown glass/stained glass",Andrewside
Dr. Valerie Brock MD,april06@gmail.com,18,Product manager,West Jodi
Ronnie Woodward,ssantiago@gmail.com,40,Oncologist,North Brittany
Lisa Mcintyre,xarias@gmail.com,34,"Administrator, arts",East Brandyfurt
Cameron Jones,michelle72@gmail.com,46,Health physicist,Port Jason
Victoria Silva,mbennett@gmail.com,62,Manufacturing systems engineer,Lake Melissa
Jane Anderson,eugenemartinez@gmail.com,47,Petroleum engineer,Lake Meghanfort
Nicole Smith,eugeneblack@gmail.com,37,Video editor,North Emily
Kristin Merritt,katiebraun@gmail.com,44,Retail banker,North Brenda
Jesse Douglas,awarner@gmail.com,52,Video editor,Jessicafort
Dakota Walsh,scott59@gmail.com,31,Data processing manager,Port Josephside
Melissa Kelley,heidithomas@gmail.com,37,"Therapist, music",Thompsontown
John Harmon,dmayo@gmail.com,65,Clinical research associate,North Steven
Susan Berry,karenbryant@gmail.com,34,Forensic scientist,West Sharon
Scott Thompson,ecaldwell@gmail.com,43,Rural practice surveyor,Lake Alexanderstad
Robert Smith,emily16@gmail.com,56,Air broker,Riveraburgh
Thomas Smith,kathleen01@gmail.com,54,Data scientist,East Dawnmouth
William Gray,tara70@gmail.com,63,"Surveyor, land/geomatics",Michellefort
Joshua Spencer,santanarachel@gmail.com,61,Community development worker,Kaitlinmouth
